chave,acesso,id_pedido,reasoning,snapshot_servido,system_fingerprint,provider,prompt_tokens,completion_tokens,finish_reason,temperature,top_p,seed,data_sonda_utc,erro
gpt-4.1,Azure AI Foundry (Brazil),gpt-4.1,False,gpt-4.1-2025-04-14,fp_dc49d4fcba,—,13,2,stop,1.0 (default API; omitido no código),1.0 (default API; omitido no código),não fixado (sem seed; não determinístico),2026-06-03T20:56:56+00:00,
gpt-4.1-mini,Azure AI Foundry (Brazil),gpt-4.1-mini,False,gpt-4.1-mini-2025-04-14,fp_a7294185dc,—,13,2,stop,1.0 (default API; omitido no código),1.0 (default API; omitido no código),não fixado (sem seed; não determinístico),2026-06-03T20:56:56+00:00,
gpt-4.1-nano,Azure AI Foundry (Brazil),gpt-4.1-nano,False,gpt-4.1-nano-2025-04-14,fp_28b5fb7b1e,—,13,2,stop,1.0 (default API; omitido no código),1.0 (default API; omitido no código),não fixado (sem seed; não determinístico),2026-06-03T20:56:56+00:00,
gpt-5-mini,Azure AI Foundry (Brazil),gpt-5-mini,True,gpt-5-mini-2025-08-07,não consta,—,12,11,stop,1.0 nominal — reasoning ignora (omitido no código),1.0 nominal — reasoning ignora (omitido no código),não fixado (sem seed; não determinístico),2026-06-03T20:56:56+00:00,
gpt-5.1,Azure AI Foundry (Brazil),gpt-5.1,True,gpt-5.1-2025-11-13,não consta,—,12,11,stop,1.0 nominal — reasoning ignora (omitido no código),1.0 nominal — reasoning ignora (omitido no código),não fixado (sem seed; não determinístico),2026-06-03T20:56:56+00:00,
gpt-5.2,Azure AI Foundry (Brazil),gpt-5.2,True,gpt-5.2-2025-12-11,não consta,—,12,5,stop,1.0 nominal — reasoning ignora (omitido no código),1.0 nominal — reasoning ignora (omitido no código),não fixado (sem seed; não determinístico),2026-06-03T20:56:56+00:00,
deepseek-v4-flash,Azure AI Foundry (Brazil),DeepSeek-V4-Flash,False,DeepSeek-V4-Flash,não consta,—,9,2,stop,1.0 (default API; omitido no código),1.0 (default API; omitido no código),não fixado (sem seed; não determinístico),2026-06-03T20:56:56+00:00,
llama-3.3-70b,OpenRouter,meta-llama/llama-3.3-70b-instruct,False,não consta,não consta,não consta,não consta,não consta,não consta,,,,2026-06-03T20:56:56+00:00,"APIStatusError: Error code: 402 - {'error': {'message': 'Insufficient credits. Add more using https://openrouter.ai/settings/credits', 'code': 402}}"
qwen2.5-72b,OpenRouter,qwen/qwen-2.5-72b-instruct,False,não consta,não consta,não consta,não consta,não consta,não consta,,,,2026-06-03T20:56:56+00:00,"APIStatusError: Error code: 402 - {'error': {'message': 'Insufficient credits. Add more using https://openrouter.ai/settings/credits', 'code': 402}}"
